{"accuracy": [0.4055338203907013, 0.6936624050140381, 0.7704957723617554, 0.8063304424285889, 0.8318230509757996, 0.8445977568626404, 0.8567038774490356, 0.8593499064445496, 0.8660502433776855, 0.874358057975769], "loss": [2.0387513637542725, 0.9790474772453308, 0.7211767435073853, 0.5998172760009766, 0.521685004234314, 0.48344686627388, 0.44279715418815613, 0.4438904821872711, 0.4159946143627167, 0.39018821716308594], "val_accuracy": [0.6726041436195374, 0.7576826810836792, 0.7898930311203003, 0.8359890580177307, 0.8531185984611511, 0.8433871865272522, 0.8461757302284241, 0.870589554309845, 0.8463464379310608, 0.8578989505767822], "val_loss": [1.0502196550369263, 0.7385327219963074, 0.6555091738700867, 0.5079752206802368, 0.4533919394016266, 0.49595731496810913, 0.49452921748161316, 0.4128386080265045, 0.48295828700065613, 0.4726485311985016]}